01KWGAJQAR98XJNRDGG409NKA5	143807	raw/01KWGAJQAR98XJNRDGG409NKA5.jpg
01KX99NXXRGQYHEJ5EZKD5SGEN	143815	raw/01KX99NXXRGQYHEJ5EZKD5SGEN.jpg
01KWPXJ715C8MGBM9NFFSDHKPC	143809	raw/01KWPXJ715C8MGBM9NFFSDHKPC.jpg
01KY8XSGW1WVD294ADW3224DFD	140377	raw/01KY8XSGW1WVD294ADW3224DFD.jpg
01KVS4E8AYA5AB3FGBP1JA233P	140551	raw/01KVS4E8AYA5AB3FGBP1JA233P.jpg
01KSZM6JKSJJVJJP556BGVK5RE	143766	raw/01KSZM6JKSJJVJJP556BGVK5RE.jpg
01KY366T8EGVN7JRSMDD5Q4KTB	143827	raw/01KY366T8EGVN7JRSMDD5Q4KTB.jpg
01KTPDKXDSM66NX7WG4C859VHS	143781	raw/01KTPDKXDSM66NX7WG4C859VHS.jpg
01KT843GG31FH4HBZDA9758XHZ	143772	raw/01KT843GG31FH4HBZDA9758XHZ.jpg
01KWPXEWF6M6CS33DTXDWNG633	143808	raw/01KWPXEWF6M6CS33DTXDWNG633.jpg
01KX191HQQKXCF9KBCSQ1NFWMN	150209	raw/01KX191HQQKXCF9KBCSQ1NFWMN.jpg
01KTRZHQX9B4TC3WY5XEXA18R6	140546	raw/01KTRZHQX9B4TC3WY5XEXA18R6.jpg
01KY8X3GDMAWXGZKTQKMQ91X9E	143830	raw/01KY8X3GDMAWXGZKTQKMQ91X9E.jpg
01KWGACAEGED3J984PEGKCCMPS	143806	raw/01KWGACAEGED3J984PEGKCCMPS.jpg
01KTEQZ38S3B1EPNMX3QK9CE5S	143778	raw/01KTEQZ38S3B1EPNMX3QK9CE5S.jpg
01KX99Z8SKQ4T0K25SW5TV8HYG	150210	raw/01KX99Z8SKQ4T0K25SW5TV8HYG.jpg
01KTEQTF2XMJ8V98BS2RA0670M	143776	raw/01KTEQTF2XMJ8V98BS2RA0670M.jpg
01KWATSFZ1WGV6FE9SMFJNGTG4	143803	raw/01KWATSFZ1WGV6FE9SMFJNGTG4.jpg
01KWF1XPYMJ80JC55NP2NFFW1N	143804	raw/01KWF1XPYMJ80JC55NP2NFFW1N.jpg
01KVDEGDZ77FTZZA1B1XSZ753R	143791	raw/01KVDEGDZ77FTZZA1B1XSZ753R.jpg
01KSZM8AWBJDR6035J8J9SYBX4	143767	raw/01KSZM8AWBJDR6035J8J9SYBX4.jpg
01KW29MD740SW31TWG9TZY8HC9	140374	raw/01KW29MD740SW31TWG9TZY8HC9.jpg
01KY8X82T3E36WK05YS18M46H9	143831	raw/01KY8X82T3E36WK05YS18M46H9.jpg
01KVVBCSGYC044Z6NKPMXXVQG5	140644	raw/01KVVBCSGYC044Z6NKPMXXVQG5.jpg
01KSZMBR7V4SKVT9F3XMCJC4XC	143767	raw/01KSZMBR7V4SKVT9F3XMCJC4XC.jpg
01KXSDWTYJNCKTKG5AM4Y3QE17	140375	raw/01KXSDWTYJNCKTKG5AM4Y3QE17.jpg
01KVG94CDTF51ZBKDS00CCA0Z4	143794	raw/01KVG94CDTF51ZBKDS00CCA0Z4.jpg
01KX7H08SEBN1Y46TMWJ75850E	143814	raw/01KX7H08SEBN1Y46TMWJ75850E.jpg
01KY362TB9R47GEEXDMD3CRA1Z	143826	raw/01KY362TB9R47GEEXDMD3CRA1Z.jpg
01KY80HW5Z9136Z9HWHC94VC1D	143828	raw/01KY80HW5Z9136Z9HWHC94VC1D.jpg
01KXMD4QDK2DPXP80H427BQFD5	143819	raw/01KXMD4QDK2DPXP80H427BQFD5.jpg
01KWATJQVNNG4JJ85HK0M9A8DT	143802	raw/01KWATJQVNNG4JJ85HK0M9A8DT.jpg
01KX99WPJYQ2YHJM5HQP93SYVX	143816	raw/01KX99WPJYQ2YHJM5HQP93SYVX.jpg
01KVDEJ9XYF89KQKPRC4G1KY4M	143790	raw/01KVDEJ9XYF89KQKPRC4G1KY4M.jpg
01KXSE1GFYS24FYNEVF32EA9EG	140376	raw/01KXSE1GFYS24FYNEVF32EA9EG.jpg
01KVG92ABVSS6X6SEF1PG593MC	143795	raw/01KVG92ABVSS6X6SEF1PG593MC.jpg
01KX18V9KJEE4BEYNSR2E5MQWQ	150208	raw/01KX18V9KJEE4BEYNSR2E5MQWQ.jpg
01KTSSXD2X190BVKHFBGF2MM5Y	150205	raw/01KTSSXD2X190BVKHFBGF2MM5Y.jpg
01KTSSTYR5578GT3J9A0KPW1GX	150205	raw/01KTSSTYR5578GT3J9A0KPW1GX.jpg
01KTYMT65E30744K9XSR1PR1BJ	143787	raw/01KTYMT65E30744K9XSR1PR1BJ.jpg
01KTER1RFPPRDP1M14ZC0TME64	143779	raw/01KTER1RFPPRDP1M14ZC0TME64.jpg
01KW29Q2709HMKHAH4D5KXJHGB	150207	raw/01KW29Q2709HMKHAH4D5KXJHGB.jpg
01KTRZF57A03WEA33VHGTD4SWQ	140547	raw/01KTRZF57A03WEA33VHGTD4SWQ.jpg
01KXPS7197ZY6PB3SK128DESB2	143822	raw/01KXPS7197ZY6PB3SK128DESB2.jpg
01KVDEMD688E79MYAR869F4T91	143792	raw/01KVDEMD688E79MYAR869F4T91.jpg
01KXPS1A18JDMJ4KMQ86CJG7FW	143821	raw/01KXPS1A18JDMJ4KMQ86CJG7FW.jpg
01KT848GWE9N0KSD8NQVQVB6R8	143774	raw/01KT848GWE9N0KSD8NQVQVB6R8.jpg
01KXMDDBZ90DJ2Y096MKXH1C70	143820	raw/01KXMDDBZ90DJ2Y096MKXH1C70.jpg
01KX3KW7RYAZFJRRWX3BAGXWQM	143813	raw/01KX3KW7RYAZFJRRWX3BAGXWQM.jpg
01KVDEP09FHT52Y2AT06Y4GF4S	143793	raw/01KVDEP09FHT52Y2AT06Y4GF4S.jpg
01KWF207R1TZGV6S3Q4DJYSFPD	143805	raw/01KWF207R1TZGV6S3Q4DJYSFPD.jpg
01KVDEBRQEH4QQH1J39BQJ23FZ	140548	raw/01KVDEBRQEH4QQH1J39BQJ23FZ.jpg
01KW29T39GS048DFG496G2WQ4R	143800	raw/01KW29T39GS048DFG496G2WQ4R.jpg
01KVVB84WAQKSZBZF6TNBDS9VM	140373	raw/01KVVB84WAQKSZBZF6TNBDS9VM.jpg
01KTYJWK38XCA7WTT2VB0AVKDM	143784	raw/01KTYJWK38XCA7WTT2VB0AVKDM.jpg
01KTYK04DACMVTBGRA9755WHB4	143785	raw/01KTYK04DACMVTBGRA9755WHB4.jpg
01KT846A9QJ29EVAXK6PZEDXM0	143773	raw/01KT846A9QJ29EVAXK6PZEDXM0.jpg
01KY8WSE4C2TFKP59Z66T7WHDR	143829	raw/01KY8WSE4C2TFKP59Z66T7WHDR.jpg
01KSZM4VGN2JCJ1P6V580EZMP0	143765	raw/01KSZM4VGN2JCJ1P6V580EZMP0.jpg
01KSZM27QE1X45MB84Q4SN8F8D	143763	raw/01KSZM27QE1X45MB84Q4SN8F8D.jpg
01KW29WR20TF0CKBWFD993W85H	143801	raw/01KW29WR20TF0CKBWFD993W85H.jpg
01KVS4AV9N7AJ0X84JWGAVSN14	140550	raw/01KVS4AV9N7AJ0X84JWGAVSN14.jpg
01KTEQXGNDJJ73CVT306ATFSNA	143777	raw/01KTEQXGNDJJ73CVT306ATFSNA.jpg
01KZ1FPB6BBKBFXZX0FX0J2S2K	140378	raw/01KZ1FPB6BBKBFXZX0FX0J2S2K.jpg
01KVDEE2KMEZA11YTWEAS6SDGJ	150206	raw/01KVDEE2KMEZA11YTWEAS6SDGJ.jpg
01KTYKCHCACM2FTJGHRCZSNWGE	143786	raw/01KTYKCHCACM2FTJGHRCZSNWGE.jpg
01KX3KP951WJQG6A46MB8JJPQW	143812	raw/01KX3KP951WJQG6A46MB8JJPQW.jpg
01KT84AY1TQPNJ5SSHA3GMNZER	143775	raw/01KT84AY1TQPNJ5SSHA3GMNZER.jpg
01KTPDHFRPDM7WEE6S4QSFFG5F	143780	raw/01KTPDHFRPDM7WEE6S4QSFFG5F.jpg
